-- phpMyAdmin SQL Dump
-- version 3.4.11.1deb2+deb7u7
-- http://www.phpmyadmin.net
--
-- Host: db.jaroeneefting.com
-- Generation Time: Jan 27, 2017 at 03:45 PM
-- Server version: 5.5.38
-- PHP Version: 5.4.45-0+deb7u6

SET SQL_MODE="NO_AUTO_VALUE_ON_ZERO";
SET time_zone = "+00:00";


/*!40101 SET @OLD_CHARACTER_SET_CLIENT=@@CHARACTER_SET_CLIENT */;
/*!40101 SET @OLD_CHARACTER_SET_RESULTS=@@CHARACTER_SET_RESULTS */;
/*!40101 SET @OLD_COLLATION_CONNECTION=@@COLLATION_CONNECTION */;
/*!40101 SET NAMES utf8 */;

--
-- Database: `md192121db371333`
--
CREATE DATABASE `md192121db371333` DEFAULT CHARACTER SET utf8 COLLATE utf8_general_ci;
USE `md192121db371333`;

-- --------------------------------------------------------

--
-- Table structure for table `content`
--

CREATE TABLE IF NOT EXISTS `content` (
  `ContentID` int(11) NOT NULL AUTO_INCREMENT,
  `UserId` int(11) NOT NULL,
  `Content` text NOT NULL,
  `Tags` varchar(255) NOT NULL,
  `Date` date NOT NULL,
  `waarmerk` enum('0','1') NOT NULL DEFAULT '0',
  PRIMARY KEY (`UserId`,`Tags`),
  UNIQUE KEY `ContentID` (`ContentID`),
  UNIQUE KEY `UserId` (`UserId`,`Tags`)
) ENGINE=InnoDB  DEFAULT CHARSET=latin1 AUTO_INCREMENT=49 ;

--
-- Dumping data for table `content`
--

INSERT INTO `content` (`ContentID`, `UserId`, `Content`, `Tags`, `Date`, `waarmerk`) VALUES
(6, 2, '<p>Contact mij op Facebook, Instagram en Tinder</p>\r\n<p>Telefoonnummer: 0612345678</p>', 'Contact', '2017-01-27', '0'),
(2, 2, '<p>Ik ben nog aan het studeren dus deze lijst wordt nog groter.</p>\r\n<p>Ik heb ervaring met verschillende computertalen:</p>\r\n<ol>\r\n<li>PHP</li>\r\n<li>HTML</li>\r\n<li>SQL</li>\r\n<li>Databases</li>\r\n</ol>', 'Ervaring', '2017-01-27', '0'),
(4, 2, '<p>Gamen is mijn hobby!</p>\r\n<p><img src="/school/stenden/sites/dp/port_images/download.jpg" /></p>', 'Interesses', '2017-01-27', '0'),
(3, 2, '<p>2011-2016 HAVO (Wiskunde B, biologie en informatica)</p>\r\n<p>2016- Informatica</p>', 'Opleidingen', '2017-01-27', '0'),
(1, 2, '<h4 style="padding-left: 30px; text-align: center;"><span style="font-size: 24pt;">Cornee van Blerk<br /></span><br /><span style="font-size: 14pt;">Mijn naam is Cornee van Blerk en dit&nbsp;is mijn portfolio. Ik ben 17 jaar oud en ben gestationeerd in Ommen. Daar heb ik een de HAVO afgerond en ik ben nu bezig met Informatica te Hogeschool Stenden. Op de hogeschool heb ik veel plezier&nbsp;en leer erg&nbsp;veel. Ik ben een erg sociale jongen met erg veel liergierigheid. Ook ben ik erg goed met mensen en ben ik een erg goede projectlid!</span></h4>\r\n<p><img style="display: block; margin-left: auto; margin-right: auto;" src="/school/stenden/sites/dp/port_images/IMG_20170127_1056002.jpg" /></p>\r\n<p style="text-align: center;">&nbsp;</p>', 'Over Mij', '2017-01-27', '0'),
(5, 2, '<p>Ik ben echt te goed</p>\r\n<p>Lorem ipsum dolor sit amet, consectetur adipiscing elit. Curabitur sed ante ac magna fringilla fringilla. Cras viverra eu elit eu porttitor. Maecenas in tincidunt sem. Sed eu varius nunc. Aliquam pellentesque turpis vel nisl semper, ut luctus tortor viverra. Vestibulum vel mauris quis tellus venenatis faucibus ut quis nulla. Vivamus facilisis neque id vestibulum convallis.</p>\r\n<p>In faucibus rutrum augue. Etiam euismod mattis metus, at porttitor lectus euismod condimentum. Sed eu porttitor leo. Ut non lectus vel ante volutpat porta. Pellentesque ultrices tincidunt leo, non malesuada mi vulputate sed. In ac lorem ultrices, efficitur nisi in, euismod magna. Proin pretium dignissim faucibus. Phasellus vel quam nec turpis facilisis feugiat. Cras diam erat, aliquam in leo sit amet, finibus aliquet velit. In blandit ipsum ac fermentum ultricies. Aenean orci turpis, hendrerit euismod magna at, dapibus malesuada orci. Phasellus finibus orci bibendum tempor pulvinar. Donec commodo dui sagittis gravida euismod.</p>', 'Overige', '2017-01-27', '0'),
(18, 3, '<p><span style="font-size: 14pt;">Mobiele telefoonnummer: 0123456789</span></p>\r\n<p><span style="font-size: 14pt;">Facebook</span></p>', 'Contact', '2017-01-27', '0'),
(14, 3, '<h2><span style="font-size: 18pt;">Werkervaring:</span></h2>\r\n<p><span style="font-size: 14pt;">Logistiek medewerker 2014/Heden</span></p>\r\n<h2><span style="font-size: 18pt;">Programmeerervaring:</span></h2>\r\n<p><span style="font-size: 14pt;">Html, PHP en SQL</span></p>', 'Ervaring', '2017-01-27', '0'),
(16, 3, '<ul>\r\n<li><span style="font-size: 14pt;">Gaming</span></li>\r\n<li><span style="font-size: 14pt;">Voetba</span><span style="font-size: 14pt;">l</span></li>\r\n</ul>\r\n<p><span style="font-size: 14pt;"><img src="/school/stenden/sites/dp/port_images/Steam.png" width="194" height="194" /></span></p>', 'Interesses', '2017-01-27', '0'),
(15, 3, '<p><span style="font-size: 14pt;">Havo - 2010/2016&nbsp;</span></p>\r\n<p><span style="font-size: 14pt;">Vechtdalcollege Hardenberg</span></p>\r\n<p><span style="font-size: 14pt;">Profiel: N&amp;T</span></p>\r\n<p><span style="font-size: 14pt;">Wiskunde B, Nederlands, Engels, Scheikunde, Natuurkunde, NLT, Informatica</span></p>\r\n<p>&nbsp;</p>\r\n<p><span style="font-size: 14pt;">Hbo Informatica 2016/Heden</span></p>', 'Opleidingen', '2017-01-27', '0'),
(13, 3, '<h1>Michael van Dijk</h1>\r\n<p><span style="font-size: 14pt;">Ik ben Michael van Dijk, 17 jaar, woon in Schuinesloot en speel graag voetbal en game veel.</span></p>\r\n<p><span style="font-size: 14pt;">Ik woon nog gewoon thuis met mijn moeder, mijn zus, </span><span style="font-size: 14pt;">onze hond en onze dri</span><span style="font-size: 14pt;">e katten.</span>&nbsp;&nbsp;&nbsp;&nbsp;&nbsp;&nbsp;&nbsp;&nbsp;&nbsp;&nbsp;&nbsp;&nbsp;&nbsp;&nbsp;&nbsp;&nbsp;&nbsp;&nbsp;&nbsp;&nbsp;&nbsp;&nbsp;&nbsp;&nbsp;&nbsp;&nbsp;&nbsp;&nbsp;&nbsp;&nbsp;&nbsp;&nbsp;&nbsp;&nbsp;&nbsp;&nbsp;&nbsp;&nbsp;&nbsp;&nbsp;&nbsp;&nbsp;&nbsp;&nbsp;&nbsp;&nbsp;&nbsp;&nbsp;&nbsp;&nbsp;&nbsp;&nbsp;&nbsp;&nbsp;&nbsp;&nbsp;&nbsp;&nbsp;&nbsp;&nbsp;&nbsp;&nbsp;&nbsp;&nbsp;&nbsp;&nbsp;&nbsp; <img src="/school/stenden/sites/dp/port_images/katten.jpg" width="282" height="213" /><img src="/school/stenden/sites/dp/port_images/Freekie.jpg" width="167" height="232" /></p>\r\n<p>&nbsp;</p>', 'Over Mij', '2017-01-27', '0'),
(17, 3, '', 'Overige', '2017-01-27', '0'),
(12, 4, '<p><span style="font-family: ''courier new'', courier, monospace;">Voor meer informatie mag u ee mailtje sturen naar: <a href="mailto:josekappert1993@gmail.com" target="_blank" rel="noopener noreferrer">josekappert1993@gmail.com</a></span></p>', 'Contact', '2017-01-27', '0'),
(8, 4, '<p><span style="font-family: ''courier new'', courier, monospace;"><em>30 decemeber 2016 - heden </em></span></p>\r\n<p><span style="font-family: ''courier new'', courier, monospace;">Organisatie: Randstad</span><br /><span style="font-family: ''courier new'', courier, monospace;"> Functie: Uitzendkracht</span><br /><span style="font-family: ''courier new'', courier, monospace;"> Taken: Magazijn werkaamheden</span></p>\r\n<p><br /><span style="font-family: ''courier new'', courier, monospace;"><em>1 oktober 2014- 31 oktober 2016 </em></span></p>\r\n<p><span style="font-family: ''courier new'', courier, monospace;">Organisatie: Walibi Holland</span><br /><span style="font-family: ''courier new'', courier, monospace;"> Functie: Medewerker</span><br /><span style="font-family: ''courier new'', courier, monospace;"> Taken: Gasten begroeten en entreekaarten </span><br /><span style="font-family: ''courier new'', courier, monospace;"> scannen.</span></p>\r\n<p><br /><span style="font-family: ''courier new'', courier, monospace;"><em>24 augustus 2015- 22 januari 2016 </em></span></p>\r\n<p><span style="font-family: ''courier new'', courier, monospace;">Organisatie: Adena Internet</span><br /><span style="font-family: ''courier new'', courier, monospace;"> Functie: Stagiare applicatie ontwikkeling</span><br /><span style="font-family: ''courier new'', courier, monospace;"> Taken: Websites opmaken in HTML en CSS.</span></p>\r\n<p><br /><span style="font-family: ''courier new'', courier, monospace;"><em>15 april 2014- 26 juni 2014 </em></span></p>\r\n<p><span style="font-family: ''courier new'', courier, monospace;">Organisatie: Card solution</span><br /><span style="font-family: ''courier new'', courier, monospace;"> Functie: Stagiare media onwikkeling</span><br /><span style="font-family: ''courier new'', courier, monospace;"> Taken: Websites opmaken in HTML en CSS.</span></p>\r\n<p><span style="font-family: ''courier new'', courier, monospace;"><em>1 juli 2013- 30 september 2013 </em></span></p>\r\n<p><span style="font-family: ''courier new'', courier, monospace;">Organisatie: Drukkerij Wedding</span><br /><span style="font-family: ''courier new'', courier, monospace;"> Functie: Oproepkracht afwerking</span><br /><span style="font-family: ''courier new'', courier, monospace;"> Taken: De afwerking van de producten.</span><br /><span style="font-family: ''courier new'', courier, monospace;">4 februari 2013- 27 juni 2013 Organisatie: Drukkerij Wedding</span><br /><span style="font-family: ''courier new'', courier, monospace;"> Functie: Stagiaire DTP</span><br /><span style="font-family: ''courier new'', courier, monospace;"> Taken: DTP werkzaamheden</span></p>\r\n<p><span style="font-family: ''courier new'', courier, monospace;"><em>4 oktober 2011- 27 januari 2012 </em></span></p>\r\n<p><span style="font-family: ''courier new'', courier, monospace;">Organisatie: Drukwerk Expert</span><br /><span style="font-family: ''courier new'', courier, monospace;"> Functie: Stagiaire DTP</span><br /><span style="font-family: ''courier new'', courier, monospace;"> Taken: DTP werkzaamheden</span></p>\r\n<p><br /><span style="font-family: ''courier new'', courier, monospace;"><em>4 april- 24 juni 2011 </em></span></p>\r\n<p><span style="font-family: ''courier new'', courier, monospace;">Organisatie: Van de Heg/ flevolicht en wonen</span><br /><span style="font-family: ''courier new'', courier, monospace;"> Functie: Stagiaire DTP</span><br /><span style="font-family: ''courier new'', courier, monospace;"> Taken: DTP werkzaamheden en product </span><br /><span style="font-family: ''courier new'', courier, monospace;"> fotografie.</span></p>\r\n<p><br /><span style="font-family: ''courier new'', courier, monospace;"><em>29 juni 2009- 25 november 2012 </em></span></p>\r\n<p><span style="font-family: ''courier new'', courier, monospace;">Organisatie: McDonalds Ermelo</span><br /><span style="font-family: ''courier new'', courier, monospace;"> Functie: medewerker</span><br /><span style="font-family: ''courier new'', courier, monospace;"> Taken: Het restaurant schoonhouden,</span><br /><span style="font-family: ''courier new'', courier, monospace;"> klachten afhandelen.</span></p>', 'Ervaring', '2017-01-27', '0'),
(10, 4, '<nav>\r\n<p style="text-align: center;"><span style="font-family: ''courier new'', courier, monospace;">&nbsp;Op deze pagina heb ik ervoor gekozen om een aantal voorbeelden van het werk wat ik op mijn vorige opleiding heb gemaakt.</span></p>\r\n</nav>\r\n<article>\r\n<h1 style="text-align: center;"><span style="font-family: ''courier new'', courier, monospace;">Illustraties</span></h1>\r\n<p style="text-align: center;"><span style="font-family: ''courier new'', courier, monospace;"><img src="/school/stenden/sites/dp/port_images/kuiken.png" width="268" height="201" /><img src="/school/stenden/sites/dp/port_images/kuiken1.png" width="270" height="202" /><img src="/school/stenden/sites/dp/port_images/letterhaas2.png" width="274" height="205" /><img src="/school/stenden/sites/dp/port_images/paastak.png" width="278" height="208" /></span></p>\r\n<p style="text-align: center;"><span style="font-family: ''courier new'', courier, monospace;">Voor een school opdracht heb ik deze illustraties gemaakt voor een paas folder die ik moest ontwerpen.</span></p>\r\n<h1 style="text-align: center;"><span style="font-family: ''courier new'', courier, monospace;">Als woorden kunnen spreken,</span></h1>\r\n<h1 style="text-align: center;"><span style="font-family: ''courier new'', courier, monospace;">kan je spiegelbeelden breken</span></h1>\r\n<p style="text-align: center;"><span style="font-family: ''courier new'', courier, monospace;"><img style="display: block; margin-left: auto; margin-right: auto;" src="/school/stenden/sites/dp/port_images/1320392_Anne-Marie_Spijpheer_cover.png" /></span></p>\r\n<p style="text-align: center;"><span style="font-family: ''courier new'', courier, monospace;">Deze cover heb ik tijdens mijn stage. De foto''s en teksten zijn door de klant aangeleverd maar de rest van deze opmaak is door mij gedaan met hulp van mijn stage begeleider.</span></p>\r\n</article>', 'Interesses', '2017-01-27', '0'),
(9, 4, '<p><span style="font-family: ''courier new'', courier, monospace;"><em>2016-heden</em></span></p>\r\n<p><span style="font-family: ''courier new'', courier, monospace;">Stenden Bachelor Informatica</span></p>\r\n<p><br /><span style="font-family: ''courier new'', courier, monospace;"><em>2013-2016</em></span></p>\r\n<p><span style="font-family: ''courier new'', courier, monospace;">MBO Landstede Harderwijk Applicatieonwikkelaar</span></p>\r\n<p><br /><span style="font-family: ''courier new'', courier, monospace;"><em>2010- 2013</em></span></p>\r\n<p><span style="font-family: ''courier new'', courier, monospace;">MBO Landstede Harderwijk Allround DTP &rsquo;er</span></p>\r\n<p><br /><span style="font-family: ''courier new'', courier, monospace;"><em>2005- 2010</em></span></p>\r\n<p><span style="font-family: ''courier new'', courier, monospace;">Chr. VMBO Spectrum Harderwijk Consumptieve techniek</span></p>\r\n<p><span style="font-family: ''courier new'', courier, monospace;">&nbsp;</span></p>', 'Opleidingen', '2017-01-27', '0'),
(7, 4, '<header>\r\n<p><span style="font-family: ''courier new'', courier, monospace;"><img style="display: block; margin-left: auto; margin-right: auto;" src="/school/stenden/sites/dp/port_images/creatiefportetanitadt311.png" /></span></p>\r\n<p style="text-align: center;"><span style="font-family: ''courier new'', courier, monospace;">Mijn naam is Jos&eacute; Kappert. In juli 2014 ben ik afgestudeert als Allround-DTP''er. Omdat het technisch aspect mij het meeste aanspreek van het ontwerpen heb ik er voor gekozen de opleiding tot Applictatie ontwikkelaar te gaan volgen als aanvulling.</span></p>\r\n<p style="text-align: center;"><span style="font-family: ''courier new'', courier, monospace;">Tijdens mijn opleiding tot Applicatie ontwikkelaar heb ik ervaring opgedaan met HTML5, CSS3, JAVA(voor android applicaties), Javascript en PHP. Deze opleiding heb ik in 2016 afgerond en om verder in te gaan op de theoretische kennis omtrend het programeren heb ik besloten om verder te gaan naar HBO Informatica.</span></p>\r\n</header>', 'Over Mij', '2017-01-27', '0'),
(11, 4, '<h3><span style="font-family: ''courier new'', courier, monospace;">Informatica: </span></h3>\r\n<p><span style="font-family: ''courier new'', courier, monospace;">Word, Powerpoint, Excell,Illustrator, Photoshop, Indesign.</span></p>\r\n<h3><br /><span style="font-family: ''courier new'', courier, monospace;">Programeer talen: </span></h3>\r\n<p><span style="font-family: ''courier new'', courier, monospace;">HTML, CSS, JAVA(android), Javascript, PHP.</span></p>\r\n<h3><br /><span style="font-family: ''courier new'', courier, monospace;">Talen: </span></h3>\r\n<p><span style="font-family: ''courier new'', courier, monospace;">Nederlands - Goed</span><br /><span style="font-family: ''courier new'', courier, monospace;"> Engels - Goed spreken</span></p>', 'Overige', '2017-01-27', '0'),
(42, 9, '<p>Telefoonnummer&nbsp;&nbsp;&nbsp;&nbsp;&nbsp;&nbsp;&nbsp;&nbsp;&nbsp;&nbsp;&nbsp; : 06 &ndash; 108 38 593</p>\r\n<p>Email&nbsp;&nbsp;&nbsp;&nbsp;&nbsp;&nbsp;&nbsp;&nbsp;&nbsp;&nbsp;&nbsp;&nbsp;&nbsp;&nbsp;&nbsp;&nbsp;&nbsp;&nbsp;&nbsp;&nbsp;&nbsp;&nbsp;&nbsp;&nbsp;&nbsp;&nbsp;&nbsp;&nbsp;&nbsp;&nbsp;&nbsp;&nbsp;&nbsp;&nbsp;&nbsp;&nbsp; : jeroen-wind@live.nl</p>', 'Contact', '2017-01-27', '0'),
(38, 9, '<h1 style="color: #ff0000;"><strong><span style="color: #000000;"><u>Programmeerkennis</u></span></strong></h1>\r\n<p>JQuery</p>\r\n<p>JavaScript</p>\r\n<p>PHP</p>\r\n<p>C#</p>\r\n<p>ASP.NET</p>\r\n<p>HTML</p>\r\n<p>CSS</p>\r\n<p>MySQL</p>\r\n<p>&nbsp;</p>\r\n<h1 style="color: #ff0000;"><strong><span style="color: #000000;"><u>Pakketkennis</u></span></strong></h1>\r\n<p>&nbsp;</p>\r\n<p>Microsoft Office</p>\r\n<p>Photoshop (gemiddelde kennis)</p>\r\n<p>Cisco IT Essentials</p>\r\n<p>Cisco Discovery</p>\r\n<p>&nbsp;</p>\r\n<h1 style="color: #ff0000;"><strong><span style="color: #000000;"><u>Werkervaring</u></span></strong></h1>\r\n<p>&nbsp;</p>\r\n<p>2011-2012 &nbsp; &nbsp; &nbsp; &nbsp; &nbsp; &nbsp; &nbsp;Coop Compact, Sellingen&nbsp;&nbsp;&nbsp;&nbsp;&nbsp;&nbsp;&nbsp;&nbsp;&nbsp;&nbsp;&nbsp;&nbsp;&nbsp;</p>\r\n<p>Functie: &nbsp; &nbsp; &nbsp; &nbsp; &nbsp; &nbsp; &nbsp; &nbsp; &nbsp;Winkelmedewerker</p>\r\n<p>Werkzaamheden: - Klanten helpen</p>\r\n<p style="padding-left: 120px;">- Vakkenvuller</p>\r\n<p style="padding-left: 120px;">- Spiegelen</p>', 'Ervaring', '2017-01-27', '0'),
(40, 9, '<p>Programmeren o.a. Websites &amp; Apps</p>\r\n<p>Photoshop</p>\r\n<p>Sporten</p>\r\n<p>Gitaar spelen</p>', 'Interesses', '2017-01-27', '0'),
(39, 9, '<p>2016-Heden &nbsp; &nbsp; &nbsp; &nbsp; &nbsp;Hogeschool Stenden, Emmen</p>\r\n<p style="padding-left: 120px;">Bachelor Degree</p>\r\n<p style="padding-left: 120px;">Richting: Informatica</p>\r\n<p style="padding-left: 120px;">Diploma: Wordt nog verwacht</p>\r\n<p>&nbsp;</p>\r\n<p>2013-2016 &nbsp; &nbsp; &nbsp; &nbsp; &nbsp; &nbsp; Drenthe College, Emmen</p>\r\n<p style="padding-left: 120px;">Niveau: MBO Niveau 4</p>\r\n<p style="padding-left: 120px;">Richting: Applicatie Ontwikkelaar</p>\r\n<p style="padding-left: 120px;">Diploma: Behaald</p>\r\n<p>&nbsp;</p>\r\n<p>2011-2013 &nbsp; &nbsp; &nbsp; &nbsp; &nbsp; &nbsp; Drenthe College, Emmen</p>\r\n<p style="padding-left: 120px;">Niveau: MBO Niveau 3</p>\r\n<p style="padding-left: 120px;">Richting: Systeembeheer</p>\r\n<p style="padding-left: 120px;">Diploma: Overgestapt naar niveau 4</p>\r\n<p>&nbsp;</p>\r\n<p>2007-2011 &nbsp; &nbsp; &nbsp; &nbsp; &nbsp; &nbsp; RSG Ter Apel</p>\r\n<p style="padding-left: 120px;">Niveau: VMBO KBL</p>\r\n<p style="padding-left: 120px;">Richting: Techniek Breed</p>\r\n<p style="padding-left: 120px;">Diploma: Behaald</p>', 'Opleidingen', '2017-01-27', '0'),
(37, 9, '<h1 style="color: #ff0000;"><span style="color: #000000;"><strong>Jeroen Wind</strong></span></h1>\r\n<p><span class="example1" style="font-size: 14pt;">Een 22-jarige legende in training, die binnenkort een super legendarische toevoeging aan het internet wereld toe gaat voegen.</span></p>\r\n<p>&nbsp;<img style="float: right;" src="/school/stenden/sites/dp/port_images/brucelee.gif" /></p>\r\n<p><span class="example1" style="font-size: 14pt;">Mijn doel is om een gigantische sprong te kunnen toevoegen aan de digitale wereld. Tot die tijd kan ik mijzelf naar het niveau werken die ervoor nodig is uiteindelijk. Verder mag ik mijn tijd graag vullen met muziek maken, gamen en sporten.</span></p>\r\n<p>&nbsp;</p>\r\n<p><span class="example1" style="font-size: 14pt;">"Gaming is my name, psychedelics is my game."</span></p>\r\n<p><span class="example1" style="font-size: 14pt;">&nbsp; &nbsp; &nbsp; &nbsp;- Jeroen Wind</span></p>', 'Over Mij', '2017-01-27', '0'),
(41, 9, '<p>Steeds verrassend, altijd voordelig!</p>', 'Overige', '2017-01-27', '0'),
(24, 10, '<p><span style="font-family: arial, helvetica, sans-serif; font-size: 14pt;">Telefoonnummer: +31681825489</span></p>\r\n<p><span style="font-family: arial, helvetica, sans-serif; font-size: 14pt;">Mail: Andy.perukel@student.stenden.com</span></p>', 'Contact', '2017-01-27', '0'),
(20, 10, '<h1><span style="font-size: 14pt; font-family: arial, helvetica, sans-serif; color: #000000;">Programmeerkennis:</span></h1>\r\n<p><span style="font-size: 12pt;">PHP</span></p>\r\n<p><span style="font-size: 12pt;">HTML</span></p>\r\n<p><span style="font-size: 12pt;">CSS</span></p>\r\n<p><span style="font-size: 12pt;">MySQL</span></p>\r\n<h1><span style="font-size: 14pt; font-family: arial, helvetica, sans-serif; color: #000000;">Pakketkennis:</span></h1>\r\n<p><span style="font-size: 12pt; font-family: arial, helvetica, sans-serif;">Microsoft Office</span></p>\r\n<p><span style="font-size: 12pt; font-family: arial, helvetica, sans-serif;">Photoshop</span></p>\r\n<p><span style="font-size: 12pt; font-family: arial, helvetica, sans-serif;">Illustrator</span></p>\r\n<p><span style="font-size: 12pt;">&nbsp;</span></p>\r\n<p><span style="font-size: 14pt;">Werkervari<span style="font-family: arial, helvetica, sans-serif;">ng:</span></span></p>\r\n<p><span style="font-size: 12pt;">2010 - &hellip;&hellip;&hellip;: </span><br /><span style="font-size: 12pt;">Verkoper op de markt</span></p>\r\n<p><span style="font-size: 12pt;">&nbsp;</span></p>\r\n<p><span style="font-size: 12pt;">&nbsp;</span></p>\r\n<p><span style="font-size: 12pt;">&nbsp;</span></p>', 'Ervaring', '2017-01-27', '0'),
(22, 10, '<p style="text-align: left;"><span style="font-family: arial, helvetica, sans-serif; font-size: 18pt;">Gamen</span></p>\r\n<p style="text-align: left;"><img src="/school/stenden/sites/dp/port_images/rl.jpg" /><img src="/school/stenden/sites/dp/port_images/rl.png" /></p>\r\n<p style="text-align: left;">&nbsp;</p>\r\n<p style="text-align: left;"><span style="font-family: arial, helvetica, sans-serif; font-size: 18pt;">Voetbal</span></p>\r\n<p style="text-align: left;"><img src="/school/stenden/sites/dp/port_images/chelsea1.png" /><img src="/school/stenden/sites/dp/port_images/ajax1.jpg" /></p>\r\n<p><br /><br /></p>', 'Interesses', '2017-01-27', '0'),
(21, 10, '<p><span style="font-family: arial, helvetica, sans-serif;"><span style="font-size: 14pt;">2008 &ndash; 2013:</span> </span><br /><span style="font-family: arial, helvetica, sans-serif;">VWO op het Atheneum College Hageveld in Heemstede</span></p>\r\n<p><span style="font-family: arial, helvetica, sans-serif;">&nbsp;</span></p>\r\n<p><span style="font-family: arial, helvetica, sans-serif;"><span style="font-size: 14pt;">2013 &ndash; 2015:</span> </span><br /><span style="font-family: arial, helvetica, sans-serif;">Havo op het Fioretticollege in Lisse</span></p>\r\n<p><span style="font-family: arial, helvetica, sans-serif;">&nbsp;</span></p>\r\n<p><span style="font-family: arial, helvetica, sans-serif;"><span style="font-size: 14pt;">2015 - 2016:&nbsp;</span> </span><br /><span style="font-family: arial, helvetica, sans-serif;">Bedrijfseconomie op de Hogeschool van Amsterdam</span></p>\r\n<p><span style="font-family: arial, helvetica, sans-serif;">&nbsp;</span></p>\r\n<p><span style="font-family: arial, helvetica, sans-serif;"><span style="font-size: 14pt;">2016 - &hellip;&hellip;&hellip;:&nbsp;&nbsp;</span> </span><br /><span style="font-family: arial, helvetica, sans-serif;">Informatica op Stenden Hogeschool Emmen</span></p>\r\n<p><span style="font-family: arial, helvetica, sans-serif;">&nbsp;</span></p>', 'Opleidingen', '2017-01-27', '0'),
(19, 10, '<p style="text-align: left;"><span style="font-size: 14pt; font-family: arial, helvetica, sans-serif;">&nbsp;<img style="float: left;" src="/school/stenden/sites/dp/port_images/werwer.png" /></span></p>\r\n<p style="text-align: left;"><span style="font-size: 14pt; font-family: arial, helvetica, sans-serif;">&nbsp;</span></p>\r\n<p style="text-align: left;"><span style="font-family: arial, helvetica, sans-serif; font-size: 14pt;">&nbsp;</span></p>\r\n<p style="text-align: left;">&nbsp;</p>\r\n<p style="text-align: left;">&nbsp;</p>\r\n<p style="text-align: left;">&nbsp;</p>\r\n<p style="text-align: left;"><span style="font-family: arial, helvetica, sans-serif; font-size: 14pt;">Naam: Andy Perukel</span></p>\r\n<p style="text-align: left;"><span style="font-family: arial, helvetica, sans-serif; font-size: 14pt;">Studentnummer: 467510</span></p>\r\n<p style="text-align: left;"><span style="font-family: arial, helvetica, sans-serif; font-size: 14pt;">Adres: Stobbenweg 4</span></p>\r\n<p style="text-align: left;"><span style="font-family: arial, helvetica, sans-serif; font-size: 14pt;">Woonplaats: Bourtange</span></p>\r\n<p style="text-align: left;"><span style="font-family: arial, helvetica, sans-serif; font-size: 14pt;">Telefoonnummer: +31681825489</span></p>\r\n<p style="text-align: left;"><span style="font-family: arial, helvetica, sans-serif; font-size: 14pt;">Geboortedatum: 06-12-1995</span></p>\r\n<p style="text-align: left;"><span style="font-family: arial, helvetica, sans-serif; font-size: 14pt;">Geboorteplaats: Haarlem</span></p>', 'Over Mij', '2017-01-27', '0'),
(23, 10, '<p><span style="font-size: 14pt; font-family: arial, helvetica, sans-serif;">Talenkennis:</span></p>\r\n<p><span style="font-family: arial, helvetica, sans-serif;">Nederlands lezen en schrijven</span></p>\r\n<p><span style="font-family: arial, helvetica, sans-serif;">Engels lezen en schrijven</span></p>', 'Overige', '2017-01-27', '0'),
(36, 11, '', 'Contact', '2017-01-27', '0'),
(32, 11, '<p><span style="font-size: 18pt;"><span style="font-size: 12pt;">Ik heb verschillende pakketten die ik beheers. Hieronder heb ik een opsomming van de pakketten die ik beheers.</span></span><strong><span style="font-size: 18pt;"><br /></span></strong></p>\r\n<p><strong><span style="font-size: 18pt;">Pakketkennis</span></strong><strong><br /></strong><span style="font-weight: 400;">Notepad++<br /></span><span style="font-weight: 400;">Microsoft Visual studio<br /></span><span style="font-weight: 400;">VM-Ware/Virtualbox<br /></span><span style="font-weight: 400;">Microsoft Office<br /></span><span style="font-weight: 400;">Adobe Photoshop<br /></span><span style="font-weight: 400;">Adobe After Effects</span></p>\r\n<p><span style="font-size: 18pt;"><strong>Opleiding/Cursussen<br /></strong></span><span style="font-weight: 400;">2013-2015 &nbsp;&nbsp;</span> <span style="font-weight: 400;">Drenthe College, Emmen<br /></span><span style="font-weight: 400;">&nbsp; &nbsp; &nbsp; &nbsp; &nbsp; &nbsp; &nbsp; &nbsp; &nbsp; &nbsp; &nbsp; &nbsp; &nbsp; &nbsp; &nbsp; MBO Niveau 4 Applicatieontwikkelaar<br /></span><span style="font-weight: 400;">&nbsp; &nbsp; &nbsp; &nbsp; &nbsp; &nbsp; &nbsp; &nbsp; &nbsp; &nbsp; &nbsp; &nbsp; &nbsp; &nbsp; &nbsp; Diploma in verwachting</span></p>\r\n<p><span style="font-weight: 400;">2010-2013 &nbsp;&nbsp;</span> <span style="font-weight: 400;">Drenthe College, Emmen<br /></span><span style="font-weight: 400;">&nbsp; &nbsp; &nbsp; &nbsp; &nbsp; &nbsp; &nbsp; &nbsp; &nbsp; &nbsp; &nbsp; &nbsp; &nbsp; &nbsp; &nbsp; MBO Niveau 3 Medewerker beheer ICT<br /></span><span style="font-weight: 400;">&nbsp; &nbsp; &nbsp; &nbsp; &nbsp; &nbsp; &nbsp; &nbsp; &nbsp; &nbsp; &nbsp; &nbsp; &nbsp; &nbsp; &nbsp; Diploma in bezit</span></p>\r\n<p><span style="font-weight: 400;">2008-2010 &nbsp;&nbsp;</span> <span style="font-weight: 400;">Drenthe College, Emmen<br /></span><span style="font-weight: 400;">&nbsp; &nbsp; &nbsp; &nbsp; &nbsp; &nbsp; &nbsp; &nbsp; &nbsp; &nbsp; &nbsp; &nbsp; &nbsp; &nbsp; &nbsp; MBO Niveau 2 Medewerker ICT<br /></span><span style="font-weight: 400;">&nbsp; &nbsp; &nbsp; &nbsp; &nbsp; &nbsp; &nbsp; &nbsp; &nbsp; &nbsp; &nbsp; &nbsp; &nbsp; &nbsp; &nbsp; Diploma in bezit</span></p>\r\n<p><span style="font-weight: 400;">2005-2008 &nbsp;&nbsp;</span> <span style="font-weight: 400;">Penta College, Assen<br /></span><span style="font-weight: 400;">&nbsp; &nbsp; &nbsp; &nbsp; &nbsp; &nbsp; &nbsp; &nbsp; &nbsp; &nbsp; &nbsp; &nbsp; &nbsp; &nbsp; &nbsp; VMBO BBL Consumptief <br /></span><span style="font-weight: 400;">&nbsp; &nbsp; &nbsp; &nbsp; &nbsp; &nbsp; &nbsp; &nbsp; &nbsp; &nbsp; &nbsp; &nbsp; &nbsp; &nbsp; &nbsp; Diploma in bezit</span><br /><br /></p>\r\n<p>&nbsp;</p>', 'Ervaring', '2017-01-27', '0'),
(34, 11, '<h3>Games</h3>\r\n<ul>\r\n<li>League of Legends</li>\r\n<li>World of Warcraft</li>\r\n<li>Hearthstone</li>\r\n<li>Pokemon</li>\r\n</ul>\r\n<h3>Programmering websites</h3>\r\n<ul>\r\n<li>HTML</li>\r\n<li>PHP</li>\r\n<li>Jquery</li>\r\n<li>CSS</li>\r\n<li>C#</li>\r\n</ul>\r\n<p><iframe src="https://www.youtube.com/embed/BGtROJeMPeE" width="560" height="315" frameborder="0" allowfullscreen="allowfullscreen"></iframe></p>', 'Interesses', '2017-01-27', '0'),
(33, 11, '<p><span style="font-size: 12pt;">Ik heb verschillende opleidingen gevolgd.</span></p>\r\n<ul>\r\n<li><span style="font-size: 16px;">Niveau 2 Medewerker ICT</span></li>\r\n<li><span style="font-size: 16px;">Niveau 3 Medewerker Beheer ICT</span></li>\r\n<li><span style="font-size: 16px;">Niveau 4 Applicatieontwikkelaar</span></li>\r\n</ul>\r\n<p><span style="font-size: 16px;">Al deze opleidingen heb ik gevolgd op het drenthe college in Emmen.</span></p>', 'Opleidingen', '2017-01-27', '0'),
(31, 11, '<h1 style="text-align: left;">Jaroen Eefting</h1>\r\n<p><span style="font-size: 12pt;">Mijn naam is Jaroen Eefting. Ik ben 24 jaar en ik ben erg leergierig. Ik vindt het erg leuk om mezelf te verbeteren in programmeren en heb daarom ook diverse <img style="float: right;" src="/school/stenden/sites/dp/port_images/1959366_10204643197456895_2174314158343347222_n2.jpg" width="385" height="296" />opleidingen in dat vakgebied afgerond.&nbsp;<br /><br /></span></p>\r\n<p><span style="font-size: 12pt;">Ik woon in Westerbork en ik woon samen met mijn ouders, kat en hond. Ik heb ook nog een zus maar zij woont niet meer thuis. Vroeger had ik nog een andere kat die peppie hete maar die is er niet meer. Daarna kreeg ik een nieuwe kat die mauwpie heet.&nbsp;</span></p>\r\n<p><span style="font-size: 12pt;">Mauwpie doet nooit iets en slaapt alleen maar. Het is al een oude kat en hij zal er vast niet lang meer zijn. Verder heb ik eigenlijk niet veel te melden over mezelf. Wel heb ik nog een mooie quote die wel bij me past.</span></p>\r\n<p><span style="font-size: 12pt;">&nbsp; &nbsp; &nbsp;"Wie niet sterk is moet slim zijn."<br />&nbsp; &nbsp; &nbsp; ~Jaroen Eefting</span></p>\r\n<p>&nbsp;</p>\r\n<p>&nbsp;</p>\r\n<p>&nbsp;</p>', 'Over Mij', '2017-01-27', '0'),
(35, 11, '<p>Ik heb niets anders te vertellen.</p>', 'Overige', '2017-01-27', '0'),
(30, 12, '<p>Telefoon: 0123456789</p>\r\n<p>E-Mail: nick.schalen@student.stenden.com</p>', 'Contact', '2017-01-27', '0'),
(26, 12, '<p style="text-align: center;"><span style="font-size: 36pt; color: #000000;">&nbsp;Ervaring</span></p>\r\n<p><span style="color: #000000;">Werkervaring&nbsp; &nbsp; &nbsp;&nbsp;&nbsp;&nbsp;&nbsp;&nbsp;&nbsp;&nbsp;&nbsp;&nbsp;&nbsp;&nbsp;&nbsp;&nbsp;&nbsp; :2016-2016 Waterschap Vechtstromen, Coevorden</span></p>\r\n<p><span style="color: #000000;">Functie &nbsp; &nbsp; &nbsp; &nbsp; &nbsp; &nbsp; &nbsp; &nbsp; &nbsp; &nbsp; &nbsp; &nbsp; &nbsp; &nbsp; &nbsp; &nbsp; &nbsp;: systeembeheerder&nbsp;&nbsp;&nbsp;&nbsp;&nbsp;&nbsp;&nbsp;&nbsp;&nbsp;&nbsp;&nbsp;</span></p>\r\n<p><span style="color: #000000;">Werkzaamheden&nbsp;&nbsp;&nbsp;&nbsp;&nbsp;&nbsp;&nbsp;&nbsp;&nbsp;&nbsp;&nbsp; :het systeem beheren indien nodig repareren/vervangen, servicedesk</span></p>\r\n<p><span style="color: #000000;">&nbsp;</span></p>\r\n<p><span style="color: #000000;">Werkervaring&nbsp; &nbsp; &nbsp;&nbsp;&nbsp;&nbsp;&nbsp;&nbsp;&nbsp;&nbsp;&nbsp;&nbsp;&nbsp;&nbsp;&nbsp;&nbsp;&nbsp; :2013-2014 Plopsa indoor, Coevorden</span></p>\r\n<p><span style="color: #000000;">Functie &nbsp; &nbsp; &nbsp; &nbsp; &nbsp; &nbsp; &nbsp; &nbsp; &nbsp; &nbsp; &nbsp; &nbsp; &nbsp; &nbsp; &nbsp; &nbsp; &nbsp; : horeca&nbsp;&nbsp;&nbsp;&nbsp;&nbsp;&nbsp;&nbsp;&nbsp;&nbsp;&nbsp;&nbsp;&nbsp;&nbsp;&nbsp;&nbsp;&nbsp;&nbsp;&nbsp;&nbsp;&nbsp;&nbsp;&nbsp;&nbsp;&nbsp;&nbsp;&nbsp;&nbsp;&nbsp;&nbsp;&nbsp;&nbsp;&nbsp;&nbsp;&nbsp;&nbsp;&nbsp;</span></p>\r\n<p><span style="color: #000000;">Werkzaamheden&nbsp;&nbsp;&nbsp;&nbsp;&nbsp;&nbsp;&nbsp;&nbsp;&nbsp;&nbsp;&nbsp; :Kanten bedienen, werken in de keuken</span></p>\r\n<p><span style="color: #000000;">&nbsp;</span></p>\r\n<p><span style="color: #000000;">Stage&nbsp;&nbsp;&nbsp;&nbsp;&nbsp;&nbsp;&nbsp;&nbsp;&nbsp;&nbsp;&nbsp;&nbsp;&nbsp;&nbsp;&nbsp;&nbsp;&nbsp;&nbsp;&nbsp;&nbsp;&nbsp;&nbsp;&nbsp;&nbsp;&nbsp;&nbsp;&nbsp;&nbsp;&nbsp;&nbsp;&nbsp;&nbsp;&nbsp;&nbsp;&nbsp; :2015-2016 Waterschap Vechtstromen, Coevorden</span></p>\r\n<p><span style="color: #000000;">Functie&nbsp;&nbsp;&nbsp;&nbsp;&nbsp;&nbsp;&nbsp;&nbsp;&nbsp;&nbsp;&nbsp;&nbsp;&nbsp;&nbsp;&nbsp; &nbsp;&nbsp;&nbsp;&nbsp;&nbsp;&nbsp;&nbsp;&nbsp;&nbsp;&nbsp;&nbsp;&nbsp;&nbsp;&nbsp;&nbsp; : systeembeheerder</span></p>\r\n<p><span style="color: #000000;">Werkzaamheden &nbsp; &nbsp; &nbsp; &nbsp; &nbsp;: het systeem beheren indien nodig repareren/vervangen, servicedesk</span></p>\r\n<p><span style="color: #000000;">&nbsp;</span></p>\r\n<p><span style="color: #000000;">Stage&nbsp;&nbsp;&nbsp;&nbsp;&nbsp;&nbsp;&nbsp;&nbsp;&nbsp;&nbsp;&nbsp;&nbsp;&nbsp;&nbsp;&nbsp;&nbsp;&nbsp;&nbsp;&nbsp;&nbsp;&nbsp;&nbsp;&nbsp;&nbsp;&nbsp;&nbsp;&nbsp;&nbsp;&nbsp;&nbsp;&nbsp;&nbsp;&nbsp;&nbsp;&nbsp; :2014-2015 OPDC Emmen</span></p>\r\n<p><span style="color: #000000;">Functie&nbsp;&nbsp;&nbsp;&nbsp;&nbsp;&nbsp;&nbsp;&nbsp;&nbsp;&nbsp;&nbsp;&nbsp;&nbsp;&nbsp;&nbsp; &nbsp;&nbsp;&nbsp;&nbsp;&nbsp;&nbsp;&nbsp;&nbsp;&nbsp;&nbsp;&nbsp;&nbsp;&nbsp;&nbsp;&nbsp; : Netwerkbeheerder</span></p>\r\n<p><span style="color: #000000;">Werkzaamheden &nbsp; &nbsp; &nbsp; &nbsp; &nbsp;: Computers repareren, collega&rsquo;s ondersteunen,</span></p>\r\n<p style="text-align: center;"><span style="color: #000000;"><span style="font-size: 36pt;">Pakketkennis</span>&nbsp;</span></p>\r\n<p>&nbsp;</p>\r\n<p>&nbsp;</p>\r\n<p>Pakketkennis&nbsp;&nbsp;&nbsp;&nbsp;&nbsp;&nbsp;&nbsp;&nbsp;&nbsp;&nbsp;&nbsp;&nbsp;&nbsp;&nbsp;&nbsp;&nbsp;&nbsp;&nbsp;&nbsp; : IT Essentials</p>\r\n<p>&nbsp; &nbsp; &nbsp; &nbsp; &nbsp; &nbsp; &nbsp; &nbsp; &nbsp; &nbsp; &nbsp; &nbsp; &nbsp; &nbsp; &nbsp; &nbsp; &nbsp; &nbsp; &nbsp; &nbsp; &nbsp;:CCNA Discovery 1, 2, 3, 4</p>\r\n<p><span style="color: #000000;">&nbsp;</span></p>\r\n<p><span style="color: #000000;">&nbsp;</span></p>', 'Ervaring', '2017-01-27', '0'),
(28, 12, '<p>Mijn hobbys zijn tafeltennis en tekenen.</p>\r\n<p><img src="/school/stenden/sites/dp/port_images/GT2016-14.JPG" /></p>', 'Interesses', '2017-01-27', '0'),
(27, 12, '<p>2016 - 2020</p>\r\n<p>Stenden hogeschool, Emmen</p>\r\n<p>HBO, Informatica</p>\r\n<p>Diploma wordt in juni 2020 verwacht</p>\r\n<p>&nbsp;</p>\r\n<p>2013 - 2016</p>\r\n<p>Drenthe College, Emmen</p>\r\n<p>Mbo, niveau 4, systeembeheer</p>\r\n<p>&nbsp;</p>\r\n<p>2011-2013</p>\r\n<p>Hondsrugcollege, Emmen</p>\r\n<p>VMBO&nbsp; kaderberoeps</p>\r\n<p>&nbsp;</p>\r\n<p>2009-2011</p>\r\n<p>&nbsp;de Nieuwe Veste, Coevorden</p>\r\n<p>VMBO Kader beroeps</p>', 'Opleidingen', '2017-01-27', '0'),
(25, 12, '<p style="text-align: center;"><span style="color: #000000;">&nbsp;<span style="font-size: 36pt; font-family: ''book antiqua'', palatino, serif;">Nick Schalen</span></span></p>\r\n<p><span style="color: #000000;">&nbsp;</span></p>\r\n<p><span style="color: #000000;">&nbsp; &nbsp; &nbsp; &nbsp; &nbsp; &nbsp; &nbsp; &nbsp; &nbsp; &nbsp; &nbsp; &nbsp; &nbsp; &nbsp; &nbsp; &nbsp; &nbsp; &nbsp; &nbsp; &nbsp; &nbsp; &nbsp; &nbsp; &nbsp; &nbsp; &nbsp; &nbsp; &nbsp; &nbsp; &nbsp; &nbsp; &nbsp; &nbsp; &nbsp; &nbsp; &nbsp; &nbsp; &nbsp; &nbsp; &nbsp; &nbsp; &nbsp; &nbsp; &nbsp; &nbsp; &nbsp; &nbsp; &nbsp; &nbsp; &nbsp; &nbsp; &nbsp; &nbsp;<img src="/school/stenden/sites/dp/port_images/15178242_1214626631929400_8898993841590818883_n1.jpg" width="292" height="292" /></span></p>\r\n<p><span style="color: #000000;">&nbsp;Mijn naam is Nick Schalen. In juli 2016 ben ik afgestudeert aan het Drenthe College als Netwerkbeheerder niveau 4. Het ICT aspect spreekt me heel erg aan en nu ik nog jong ben was de keuze makkelijk gemaakt om aan een HBO te beginnen.</span></p>\r\n<p><span style="color: #000000;">Tijdens mijn opleiding tot Netwerkbeheerder, heb ik ervaring opgedaan met Netwerken en systemen. Op het HBO wil ik ook graag verder in de beheerkant, alleen is het eerst het eerste jaar afzien.</span></p>', 'Over Mij', '2017-01-27', '0'),
(29, 12, '', 'Overige', '2017-01-27', '0'),
(48, 13, '<p><span style="font-family: tahoma, arial, helvetica, sans-serif; color: #7d0057;">Telefoonnummer: &nbsp; &nbsp; &nbsp;06 - 23949931</span></p>\r\n<p><span style="font-family: tahoma, arial, helvetica, sans-serif; color: #7d0057;">Mail: &nbsp; &nbsp; &nbsp; &nbsp; &nbsp; &nbsp; &nbsp; &nbsp; &nbsp; &nbsp; &nbsp; &nbsp;<a style="color: #7d0057;" href="mailto:rowan.nijland@student.stenden.com">rowan.nijland@student.stenden.com</a></span></p>\r\n<p>&nbsp;</p>', 'Contact', '2017-01-27', '0'),
(44, 13, '<p><span style="text-decoration: underline;"><span style="font-size: 14pt; font-family: tahoma, arial, helvetica, sans-serif; color: #7a0041; text-decoration: underline;">Work experiences </span></span></p>\r\n<p><span style="font-family: tahoma, arial, helvetica, sans-serif; color: #7a0041;">2010-2012: Event Creators, Weerselo.</span></p>\r\n<p><span style="font-family: tahoma, arial, helvetica, sans-serif; color: #7a0041;">&nbsp; &nbsp; &nbsp; &nbsp; &nbsp; &nbsp; &nbsp; &nbsp; &nbsp;Bartender/administration.</span></p>\r\n<p><span style="font-family: tahoma, arial, helvetica, sans-serif; color: #7a0041;">2012-2013: Pizzeria Shorty&rsquo;z, Oldenzaal.</span></p>\r\n<p><span style="font-family: tahoma, arial, helvetica, sans-serif; color: #7a0041;">&nbsp; &nbsp; &nbsp; &nbsp; &nbsp; &nbsp; &nbsp; &nbsp; &nbsp;Telephonist.</span></p>\r\n<p><span style="font-family: tahoma, arial, helvetica, sans-serif; color: #7a0041;">2013-2013: Pizzeria Santa Maria, Weerselo.</span></p>\r\n<p><span style="font-family: tahoma, arial, helvetica, sans-serif; color: #7a0041;">&nbsp; &nbsp; &nbsp; &nbsp; &nbsp; &nbsp; &nbsp; &nbsp; &nbsp;Telephonist.</span></p>\r\n<p><span style="font-family: tahoma, arial, helvetica, sans-serif; color: #7a0041;">2013-2013: Fresh butchery, Emt&eacute;, Oldenzaal.</span></p>\r\n<p><span style="font-family: tahoma, arial, helvetica, sans-serif; color: #7a0041;">&nbsp; &nbsp; &nbsp; &nbsp; &nbsp; &nbsp; &nbsp; &nbsp; &nbsp;Sales representative.</span></p>\r\n<p><span style="font-family: tahoma, arial, helvetica, sans-serif; color: #7a0041;">2014-2014: Campsite de Molenhof, Weerselo.</span></p>\r\n<p><span style="font-family: tahoma, arial, helvetica, sans-serif; color: #7a0041;">&nbsp; &nbsp; &nbsp; &nbsp; &nbsp; &nbsp; &nbsp; &nbsp; &nbsp; Kitchenstaff and shopassistent.</span></p>\r\n<p><span style="font-family: tahoma, arial, helvetica, sans-serif; color: #7a0041;">2015-2015: Supermarket Jumbo, Meppel.</span></p>\r\n<p><span style="font-family: tahoma, arial, helvetica, sans-serif; color: #7a0041;">&nbsp; &nbsp; &nbsp; &nbsp; &nbsp; &nbsp; &nbsp; &nbsp; &nbsp;Cashier.</span></p>\r\n<p><span style="font-family: tahoma, arial, helvetica, sans-serif; color: #7a0041;"><span style="text-decoration: underline;"><span style="font-size: 14pt;">Internship</span></span><u> <br /> </u></span></p>\r\n<p><span style="font-family: tahoma, arial, helvetica, sans-serif; color: #7a0041;">2014&nbsp;&nbsp;&nbsp;&nbsp;&nbsp;&nbsp;&nbsp;&nbsp;&nbsp;&nbsp;&nbsp;&nbsp;&nbsp;&nbsp;&nbsp; &nbsp;&nbsp;&nbsp;&nbsp; De Johannes Calvijn school, Meppel.</span></p>\r\n<p><span style="font-family: tahoma, arial, helvetica, sans-serif; color: #7a0041;">2015&nbsp;&nbsp;&nbsp;&nbsp;&nbsp;&nbsp;&nbsp;&nbsp;&nbsp;&nbsp;&nbsp;&nbsp;&nbsp;&nbsp;&nbsp; &nbsp;&nbsp;&nbsp;&nbsp; International primary school, The Prinseschool, Enschede.</span></p>\r\n<p><span style="font-family: tahoma, arial, helvetica, sans-serif; color: #7a0041;">2015&nbsp;&nbsp;&nbsp;&nbsp;&nbsp;&nbsp;&nbsp;&nbsp;&nbsp;&nbsp;&nbsp;&nbsp;&nbsp;&nbsp;&nbsp; &nbsp;&nbsp;&nbsp;&nbsp; The International Primary School of Ljubljana, Sloveni&euml;.</span></p>\r\n<p><span style="font-family: tahoma, arial, helvetica, sans-serif; color: #7a0041;">&nbsp;</span></p>', 'Ervaring', '2017-01-27', '0'),
(46, 13, '<p><span style="font-family: tahoma, arial, helvetica, sans-serif; font-size: 14pt; color: #8c0054;"><u>Interests and hobbies</u></span></p>\r\n<ul>\r\n<li><span style="font-family: tahoma, arial, helvetica, sans-serif; color: #8c0054;">Painting</span></li>\r\n<li><span style="font-family: tahoma, arial, helvetica, sans-serif; color: #8c0054;">Drawing</span></li>\r\n<li><span style="font-family: tahoma, arial, helvetica, sans-serif; color: #8c0054;">Sports</span></li>\r\n<li><span style="font-family: tahoma, arial, helvetica, sans-serif; color: #8c0054;">Shopping</span></li>\r\n</ul>\r\n<p><span style="font-family: tahoma, arial, helvetica, sans-serif; color: #8c0054;"><img src="/school/stenden/sites/dp/port_images/20160126_120033~2.jpg" width="232" height="372" /><img src="/school/stenden/sites/dp/port_images/20160621_205215.jpg" width="290" height="372" /><img src="/school/stenden/sites/dp/port_images/IMG-20140213-WA0010.jpg" width="494" height="371" /></span></p>', 'Interesses', '2017-01-27', '0'),
(45, 13, '<p><span style="text-decoration: underline; color: #8c0054;"><span style="font-family: tahoma, arial, helvetica, sans-serif; font-size: 14pt;">Education</span></span></p>\r\n<p><span style="font-family: tahoma, arial, helvetica, sans-serif; color: #8c0054;">2008-2014:&nbsp;&nbsp;&nbsp;&nbsp;&nbsp;&nbsp;&nbsp;&nbsp;&nbsp; Twents Carmel College Oldenzaal,</span></p>\r\n<p><span style="font-family: tahoma, arial, helvetica, sans-serif; color: #8c0054;">&nbsp; &nbsp; &nbsp; &nbsp; &nbsp; &nbsp; &nbsp; &nbsp; &nbsp; &nbsp; &nbsp; &nbsp; &nbsp; Nature&amp;Health, including: biology, chemistry, art history, German</span></p>\r\n<p><span style="font-family: tahoma, arial, helvetica, sans-serif; color: #8c0054;">2014-2016: &nbsp; &nbsp;&nbsp; &nbsp; &nbsp; Stenden University Meppel, ITEPS.</span></p>\r\n<p><span style="font-family: tahoma, arial, helvetica, sans-serif; color: #8c0054;">2016- &hellip;&hellip;: &nbsp; &nbsp; &nbsp; &nbsp; &nbsp; Stenden University Emmen, Information Technology.</span></p>', 'Opleidingen', '2017-01-27', '0'),
(43, 13, '<p style="text-align: center;"><span style="font-size: 24pt; color: #750048; font-family: tahoma, arial, helvetica, sans-serif;">Rowan Nijland</span></p>\r\n<p style="text-align: center;"><span style="color: #750048; font-family: tahoma, arial, helvetica, sans-serif;"><img src="/school/stenden/sites/dp/port_images/20150611_194423~21.jpg" width="308" height="219" /></span></p>\r\n<p style="text-align: center;"><span style="color: #750048; font-family: tahoma, arial, helvetica, sans-serif;">Hello I am Rowan Nijland and I am 21 years old.&nbsp;</span></p>\r\n<p style="text-align: center;"><span style="color: #750048; font-family: tahoma, arial, helvetica, sans-serif;">I&nbsp;live in Emmen together&nbsp;with my boyfriend since last May. I moved from Meppel to Emmen for my study.</span></p>\r\n<p style="text-align: center;"><span style="color: #750048; font-family: tahoma, arial, helvetica, sans-serif;">I was born in Deventer in 1995, when I became 1 my parents and I moved to Weerselo. That is a little village in Twente. I grew up there until my 18<sup>th</sup>. After high school I went to Meppel for the international pabo, called ITEPS.</span></p>\r\n<p style="text-align: center;"><span style="color: #750048; font-family: tahoma, arial, helvetica, sans-serif;">I had a fun and interesting time there at Stenden but I felt that it was not going to be my future. I quit after I passed my propedeuse. Then I chose for a different path in my life. And started at the Stenden University in Emmen. With the course Information Technology.</span></p>\r\n<p style="text-align: center;">&nbsp;</p>\r\n<p style="text-align: center;">&nbsp;</p>\r\n<p style="text-align: center;"><span style="color: #750048; font-family: tahoma, arial, helvetica, sans-serif;">&nbsp;</span></p>', 'Over Mij', '2017-01-27', '0'),
(47, 13, '', 'Overige', '2017-01-27', '0');

-- --------------------------------------------------------

--
-- Table structure for table `file`
--

CREATE TABLE IF NOT EXISTS `file` (
  `FileID` int(10) NOT NULL AUTO_INCREMENT,
  `UserID` int(10) NOT NULL,
  `UploadDate` date NOT NULL,
  `FileName` text NOT NULL,
  `FileType` varchar(30) NOT NULL,
  `Comment` varchar(150) NOT NULL,
  PRIMARY KEY (`FileID`),
  KEY `UserID` (`UserID`)
) ENGINE=InnoDB  DEFAULT CHARSET=latin1 AUTO_INCREMENT=7 ;

--
-- Dumping data for table `file`
--

INSERT INTO `file` (`FileID`, `UserID`, `UploadDate`, `FileName`, `FileType`, `Comment`) VALUES
(1, 12, '2017-01-27', 'uploads/nick schalen CV.doc', 'doc', ''),
(3, 4, '2017-01-27', 'uploads/cv-Jos&eacute;-kappert-2017.pdf', 'pdf', 'CV'),
(4, 13, '2017-01-27', 'uploads/cvengels92832.docx', 'docx', 'CV'),
(5, 10, '2017-01-27', 'uploads/CV.docx', 'docx', 'CV'),
(6, 11, '2017-01-27', 'uploads/CurriculumVitae-jaroen.pdf', 'pdf', 'Dit is mijn CV');

-- --------------------------------------------------------

--
-- Table structure for table `grade`
--

CREATE TABLE IF NOT EXISTS `grade` (
  `GradeID` int(10) NOT NULL AUTO_INCREMENT,
  `UserID` int(10) NOT NULL,
  `GraderID` int(10) NOT NULL,
  `Date` varchar(30) NOT NULL,
  `Grade` varchar(20) NOT NULL,
  PRIMARY KEY (`GradeID`),
  KEY `UserID` (`UserID`,`GraderID`)
) ENGINE=InnoDB DEFAULT CHARSET=latin1 AUTO_INCREMENT=1 ;

-- --------------------------------------------------------

--
-- Table structure for table `message`
--

CREATE TABLE IF NOT EXISTS `message` (
  `MessageID` int(10) NOT NULL AUTO_INCREMENT,
  `SourceUserID` int(10) NOT NULL,
  `TargetUserID` int(10) NOT NULL,
  `PostDate` date NOT NULL,
  `Timestamp` time NOT NULL,
  `Message` text NOT NULL,
  PRIMARY KEY (`MessageID`),
  KEY `SourceUserID` (`SourceUserID`),
  KEY `TargetUserID` (`TargetUserID`)
) ENGINE=InnoDB  DEFAULT CHARSET=latin1 AUTO_INCREMENT=18 ;

--
-- Dumping data for table `message`
--

INSERT INTO `message` (`MessageID`, `SourceUserID`, `TargetUserID`, `PostDate`, `Timestamp`, `Message`) VALUES
(3, 2, 4, '2017-01-27', '10:24:44', ':D:D:D:D:D:D:D:D:D:D:D:D:D:D:D:D:D:D:D:D:D:D:D:D:D:D:D:D:D:D:D:D:D:D:D:D:D:D:D:D:D:D:D:D:D:D:D:D:D:D:D:D:D:D:D:D:D:D:D:D:D:D:D:D:D:D:D:D:D:D:D:D:D:D:D:D:D:D:D:D:D:D:D:D:D:D:D:D:D:D:D:D:D:D:D:D:D:D:D:D:D:D:D:D:D:D:D:D:D:D:D:D:D:D:D:D:D:D:D:D:D:D:D:D:D:D:D:D:D:D:D:D:D:D:D:D:D:D:D:D:D:D:D:D:D:D:D:D:D:D:D:D:D:D:D:D:D:D:D:D:D:D:D:D:D:D:D:D:D:D:D:D:D:D:D:D:D:D:D:D:D:D:D:D:D:D:D:D:D:D:D:D:D:D:D:D:D:D:D:D:D:D:D:D:D:D:D:D:D:D:D:D:D:D:D:D:D:D:D:D:D:D:D:D:D:D:D:D:D:D:D:D:D:D:D:D:D:D:D:D:D:D:D:D:D:D:D:D:D:D:D:D:D:D:D:D:D:D:D:D:D:D:D:D:D:D:D:D:D:D:D:D:D:D:D:D:D:D:D:D:D:D:D:D:D:D:D:D:D:D:D:D:D:D:D:D:D:D:D:D:D:D:D:D:D:D:D:D:D:D:D:D:D:D:D:D:D:D:D:D:D:D:D:D:D:D:D:D:D:D:D:D:D:D:D:D:D:D:D:D:D:D:D:D:D:D:D:D:D:D:D:D:D:D:D:D:D:D:D:D:D:D:D:D:D:D:D:D:D:D:D:D:D:D:D:D:D:D:D:D:D:D:D:D:D:D:D:D:D:D:D:D:D:D:D:D:D:D:D:D:D:D:D:D:D:D:D:D:D:D:D:D:D:D:D:D:D:D:D:D:D:D:D:D:D:D:D:D:D:D:D:D:D:D:D:D:D:D:D:D:D:D:D:D:D:D:D:D:D:D:D:D:D:D:D:D:D:D:D:D:D:D:D:D:D:D:D:D:D:D:D:D:D:D:D:D:D:D:D:D:D:D:D:D:D:D:D:D:D:D:D:D:D:D:D:D:D:D:D:D:D:D:D:D:D:D:D:D:D:D:D:D:D:D:D:D:D:D:D:D:D:D:D:D:D:D:D:D:D:D:D:D:D:D:D:D:D:D:D:D:D:D:D:D:D:D:D:D:D:D:D:D:D:D:D:D:D:D:D:D:D:D:D:D:D:D:D:D:D:D:D:D:D:D:D:D:D:D:D:D:D:D:D:D:D:D:D:D:D:D:D:D:D:D:D:D:D:D:D:D:D:D:D:D:D:D:D:D:D:D:D:D:D:D:D:D:D:D:D:D:D:D:D:D:D:D:D:D:D:D:D:D:D:D:D:D:D:D:D:D:D:D:D:D:D:D:D:D:D:D:D:D:D:D:D:D:D:D:D:D:D:D:D:D:D:D:D:D:D:D:D:D:D:D:D:D:D:D:D:D:D:D:D:D:D:D:D:D:D:D:D:D:D:D:D:D:D:D:D:D:D:D:D:D:D:D:D:D:D:D:D:D:D:D:D:D:D:D:D:D:D:D:D:D:D:D:D:D:D:D:D:D:D:D:D:D:D:D:D:D:D:D:D:D:D:D:D:D:D:D:D:D:D:D:D:D:D:D:D:D:D:D:D:D:D:D:D:D:D:D:D:D:D:D:D:D:D:D:D:D:D:D:D:D:D:D:D:D:D:D:D:D:D:D:D:D:D:D:D:D:D:D:D:D:D:D:D:D:D:D:D:D:D:D:D:D:D:D:D:D:D:D:D:D:D:D:D:D:D:D:D:D:D:D:D:D:D:D:D:D:D:D:D:D:D:D:D:D:D:D:D:D:D:D:D:D:D:D:D:D:D:D:D:D:D:D:D:D:D:D:D:D:D:D:D:D:D:D:D:D:D:D:D:D:D:D:D:D:D:D:D:D:D:D:D:D:D:D:D:D:D:D:D:D:D:D:D:D:D:D:D:D:D:D:D:D:D:D:D:D:D:D:D:D:D:D:D:D:D:D:D:D:D:D:D:D:D:D:D:D:D:D:D:D:D:D:D:D:D:D:D:D:D:D:D:D:D:D:D:D:D:D:D:D:D:D:D:D:D:D:D:D:D:D:D:D:D:D:D:D:D:D:D:D:D:D:D:D:D:D:D:D:D:D:D:D:D:D:D:D:D:D:D:D:D:D:D:D:D:D:D:D:D:D:D:D:D:D:D:D:D:D:D:D:D:D:D:D:D:D:D:D:D:D:D:D:D:D:D:D:D:D:D:D:D:D:D:D:D:D:D:D:D:D:D:D:D:D:D:D:D:D:D:D:D:D:D:D:D:D:D:D:D:D:D:D:D:D:D:D:D:D:D:D:D:D:D:D:D:D:D:D:D:D:D:D:D:D:D:D:D:D:D:D:D:D:D:D:D:D:D:D:D:D:D:D:D:D:D:D:D:D:D:D:D:D:D:D:D:D:D:D:D:D:D:D:D:D:D:D:D:D:D:D:D:D:D:D:D:D:D:D:D:D:D:D:D:D:D:D:D:D:D:D:D:D:D:D:D:D:D:D:D:D:D:D:D:D:D:D:D:D:D:D:D:D:D:D:D:D:D:D:D:D:D:D:D:D:D:D:D:D:D:D:D:D:D:D:D:D:D:D:D:D:D:D:D:D:D:D:D:D:D:D:D:D:D:D:D:D:D:D:D:D:D:D:D:D:D:D:D:D:D:D:D:D:D:D:D:D:D:D:D:D:D:D:D:D:D:D:D:D:D:D:D:D:D:D:D:D:D:D:D:D:D:D:D:D:D:D:D:D:D:D:D:D:D:D:D:D:D:D:D:D:D:D:D:D:D:D:D:D:D:D:D:D:D:D:D:D:D:D:D:D:D:D:D:D:D:D:D:D:D:D:D:D:D:D:D:D:D:D:D:D:D:D:D:D:D:D:D:D:D:D:D:D:D:D:D:D:D:D:D:D:D:D:D:D:D:D:D:D:D:D:D:D:D:D:D:D:D:D:D:D:D:D:D:D:D:D:D:D:D:D:D:D:D:D:D:D:D:D:D:D:D:D:D:D:D:D:D:D:D:D:D:D:D:D:D:D:D:D:D:D:D:D:D:D:D:D:D:D:D:D:D:D:D:D:D:D:D:D:D:D:D:D:D:D:D:D:D:D:D:D:D:D:D:D:D:D:D:D:D:D:D:D:D:D:D:D:D:D:D:D:D:D:D:D:D:D:D:D:D:D:D:D:D:D:D:D:D:D:D:D:D:D:D:D:D:D:D:D:D:D:D:D:D:D:D:D:D:D:D:D:D:D:D:D:D:D:D:D:D:D:D:D:D:D:D:D:D:D:D:D:D:D:D:D:D:D:D:D:D:D:D:D:D:D:D:D:D:D:D:D:D:D:D:D:D:D:D:D:D:D:D:D:D:D:D:D:D:D:D:D:D:D:D:D:D:D:D:D:D:D:D:D:D:D:D:D:D:D:D:D:D:D:D:D:D:D:D:D:D:D:D:D:D:D:D:D:D:D:D:D:D:D:D:D:D:D:D:D:D:D:D:D:D:D:D:D:D:D:D:D:D:D:D:D:D:D:D:D:D:D:D:D:D:D:D:D:D:D:D:D:D:D:D:D:D:D:D:D:D:D:D:D:D:D:D:D:D:D:D:D:D:D:D:D:D:D:D:D:D:D:D:D:D:D:D:D:D:D:D:D:D:D:D:D:D:D:D:D:D:D:D:D:D:D:D:D:D:D:D:D:D:D:D:D:D:D:D:D:D:D:D:D:D:D:D:D:D:D:D:D:D:D:D:D:D:D:D:D:D:D:D:D:D:D:D:D:D:D:D:D:D:D:D:D:D:D:D:D:D:D:D:D:D:D:D:D:D:D:D:D:D:D:D:D:D:D:D:D:D:D:D:D:D:D:D:D:D:D:D:D:D:D:D:D:D:D:D:D:D:D:D:D:D:D:D:D:D:D:D:D:D:D:D:D:D:D:D:D:D:D:D:D:D:D:D:D:D:D:D:D:D:D:D:D:D:D:D:D:D:D:D:D:D:D:D:D:D:D:D:D:D:D:D:D:D:D:D:D:D:D:D:D:D:D:D:D:D:D:D:D:D:D:D:D:D:D:D:D:D:D:D:D:D:D:D:D:D:D:D:D:D:D:D:D:D:D:D:D:D:D:D:D:D:D:D:D:D:D:D:D:D:D:D:D:D:D:D:D:D:D:D:D:D:D:D:D:D:D:D:D:D:D:D:D:D:D:D:D:D:D:D:D:D:D:D:D:D:D:D:D:D:D:D:D:D:D:D:D:D:D:D:D:D:D:D:D:D:D:D:D:D:D:D:D:D:D:D:D:D:D:D:D:D:D:D:D:D:D:D:D:D:D:D:D:D:D:D:D:D:D:D:D:D:D:D:D:D:D:D:D:D:D:D:D:D:D:D:D:D:D:D:D:D:D:D:D:D:D:D:D:D:D:D:D:D:D:D:D:D:D:D:D:D:D:D:D:D:D:D:D:D:D:D:D:D:D:D:D:D:D:D:D:D:D:D:D:D:D:D:D:D:D:D:D:D:D:D:D:D:D:D:D:D:D:D:D:D:D:D:D:D:D:D:D:D:D:D:D:D:D:D:D:D:D:D:D:D:D:D:D:D:D:D:D:D:D:D:D:D:D:D:D:D:D:D:D:D:D:D:D:D:D:D:D:D:D:D:D:D:D:D:D:D:D:D:D:D:D:D:D:D:D:D:D:D:Dv'),
(4, 3, 12, '2017-01-27', '10:41:17', 'Wat is het antwoord?\r\n'),
(7, 10, 2, '2017-01-27', '10:43:20', 'NICE AVATAR'),
(8, 4, 2, '2017-01-27', '10:45:24', 'Waaaaaaaaaaaaaaaaaaaaaaaaaarooooooooooooooooooooooooooooooooooooooooooooom?'),
(10, 3, 13, '2017-01-27', '10:45:51', 'Hoi'),
(11, 9, 10, '2017-01-27', '10:46:05', 'Ah man, die stalker gezicht, super eng Q.Q'),
(12, 3, 13, '2017-01-27', '10:46:05', 'Hello'),
(13, 12, 13, '2017-01-27', '10:46:06', 'bye'),
(14, 2, 10, '2017-01-27', '10:46:07', 'Andy, get yo fake ass outta here'),
(15, 2, 10, '2017-01-27', '10:46:30', 'IM ROBBIE ROTTEN'),
(17, 12, 2, '2017-01-27', '15:17:25', 'Tinder Boy');

-- --------------------------------------------------------

--
-- Table structure for table `user`
--

CREATE TABLE IF NOT EXISTS `user` (
  `UserID` int(10) NOT NULL AUTO_INCREMENT,
  `FirstName` varchar(30) NOT NULL,
  `LastName` varchar(30) NOT NULL,
  `Email` varchar(255) NOT NULL,
  `PhoneNumber` varchar(15) NOT NULL,
  `Adres` varchar(30) NOT NULL,
  `Password` varchar(60) NOT NULL,
  `AccessLevel` enum('Leerling','Docent','SLB','Admin') NOT NULL,
  `Avatar` varchar(255) NOT NULL,
  PRIMARY KEY (`UserID`)
) ENGINE=InnoDB  DEFAULT CHARSET=latin1 AUTO_INCREMENT=14 ;

--
-- Dumping data for table `user`
--

INSERT INTO `user` (`UserID`, `FirstName`, `LastName`, `Email`, `PhoneNumber`, `Adres`, `Password`, `AccessLevel`, `Avatar`) VALUES
(1, 'admin', 'admin', 'admin@student.stenden.com', '0123456789', 'admintown', '$2y$10$jyuIuPHVSxRySwQ479JFqe0Bbt7P1Cz4E7vSdKrjbLGF0VTrm/WWC', 'Admin', 'images/avatars/default.png'),
(2, 'Cornee', 'van Blerk', 'cornee.van.blerk@student.stenden.com', '0612345678', 'Rotlaan 23', '$2y$10$jnLcaNfZnYCH8GEn.sPmseH8H6971qy7UNBVKEesf.zr2tmq7kJcW', 'Leerling', 'images/avatars/1485508858.jpg'),
(3, 'Michael', 'van Dijk', 'michael.van.dijk@student.stenden.com', '0123456789', 'Schuineslootweg 55', '$2y$10$cj8TmPP.cHlE/fEATip7UOpOIPJeRfgBzqjLXQGFqYBF2sWsTZd9a', 'Leerling', 'images/avatars/1485509634.jpg'),
(4, 'Jose', 'Kappert', 'jose.kappert@student.stenden.com', '0341424442', 'Prins Mauritslaan, 42', '$2y$10$/pU9grDB/FnMDHxjpJOPceqVipQTvXgWPzzrndbLJscSiPtmN2i7G', 'Leerling', 'images/avatars/1485510277.jpg'),
(9, 'Jeroen', 'Wind', 'jeroen.wind@student.stenden.com', '0610838593', 'Korteweg, 10', '$2y$10$UlMiST.eY9aRRhhgceS9Xel7VkIKO8DcE9mK7omdA3NzIFpft4t0W', 'Leerling', 'images/avatars/1485523880.png'),
(10, 'Andy', 'Perukel', 'andy.perukel@student.stenden.com', '06123456789', 'straat123', '$2y$10$DvIvu0J8ScYAXsVROYjBB.n3dgoxuw05eZl8UYrEefLojfEX5jEvG', 'Leerling', 'images/avatars/1485510597.png'),
(11, 'Jaroen', 'Eefting', 'jaroen.eefting@student.stenden.com', '06', 'Brinklaan 26', '$2y$10$xr7xQ1Eyj581oQo1DOibUOnxRLX/fr3i4E2OX92hfa/9J7tDnqEay', 'Leerling', 'images/avatars/1485510180.jpg'),
(12, 'Nick', 'Schalen', 'nick.schalen@student.stenden.com', '0683387078', 'Dat is voor jullie een vraag', '$2y$10$AWBluT4RsEuiC4GVUAqkquQYoXqro1rLfkKILvKtRkY5PomX8t1pG', 'Leerling', 'images/avatars/1485510309.jpg'),
(13, 'Rowan', 'Nijland', 'rowanijland@student.stenden.com', '0646923269', 'Kapelstraat 121H', '$2y$10$EdFIg6BqpUV7OCNzTqSq.eQ43iyt/WtTDCAY8nKfhJVKsyGIxRm22', 'Leerling', 'images/avatars/1485510158.jpg');

/*!40101 SET CHARACTER_SET_CLIENT=@OLD_CHARACTER_SET_CLIENT */;
/*!40101 SET CHARACTER_SET_RESULTS=@OLD_CHARACTER_SET_RESULTS */;
/*!40101 SET COLLATION_CONNECTION=@OLD_COLLATION_CONNECTION */;
